capture_cost,penalty_services,penalty_biomass,Name
144.61168323149897,488.9814230957021,935.1819,Ostrand
155.22011617477935,422.3885001996389,1776.8456099999999,Ostrand
282.3435870195663,225.97853600634284,3376.006659,Ostrand
359.27688604339926,34.99559241724259,4276.2751014000005,Ostrand
289.63733475711757,291.7018687013505,6842.0401622399995,Ostrand
712.218832294317,340.6937905419349,10947.264259583999,Ostrand
-476.0101207613367,-9113.512189894009,0.0,Ostrand
84.62942554945826,840.5083440763282,0.0,Ostrand
51.49141033998289,947.7224998762402,0.0,Ostrand
